{"cameraMode":{"drawMode":0,"name":"Shaded","section":"Shading Mode"},"sceneLighting":true,"audioPlay":false,"sceneViewState":{"showFog":true,"showMaterialUpdate":true,"showSkybox":true,"showFlares":true,"showImageEffects":true,"showParticleSystems":true},"in2DMode":false,"pivot":{"x":12.62641716003418,"y":52.95265197753906,"z":-0.63604736328125},"rotation":{"x":-0.06625946611166,"y":0.8869344592094421,"z":-0.13449707627296449,"w":-0.4368971586227417},"size":53.472801208496097,"orthographic":false}